"Marca temporal","¿Que haces con los objetos que ya cumplieron su vida útil?","¿Alguna vez intentaste reutilizar un objeto?","¿Usarías productos con materiales reciclados en tu hogar?","¿Que tiempo le dedicarías a transformar un objeto?","¿Te gustaría aprender tips sobre reutilización de objetos?","¿Si tuvieras una aplicación con información  para transformar los objetos en productos, la utilizarías?","¿Si conoces formas de reutilizar un objeto te gustaría compartirlo en una aplicación?","¿Recomendarías esta aplicación?","¿Que funcionalidad le agregarías a esta aplicación?"
"2019/05/02 12:25:48 a. m. GMT","LOS DESECHAS","SI","SI","1 HORA","TAL VEZ","SI","TAL VEZ","SI","Poder vender los productos transformados en la app"
"2019/05/02 12:29:19 a. m. GMT","Los prendo fuego","SI","SI","MAS DE 1 HORA","SI","SI","NO","NO","Nada"
"2019/05/02 12:30:38 a. m. GMT","LOS CONSERVAS","SI","SI","1 HORA","SI","SI","SI","SI",""
"2019/05/02 12:34:52 a. m. GMT","LOS CONSERVAS","SI","SI","MAS DE 1 HORA","NO","NO","SI","TAL VEZ",""
"2019/05/02 12:35:15 a. m. GMT","LOS CONSERVAS","SI","SI","MENOS DE 1 HORA","SI","SI","SI","SI",""
"2019/05/02 12:35:17 a. m. GMT","LOS CONSERVAS","SI","TAL VEZ","1 HORA","SI","SI","TAL VEZ","TAL VEZ",""
"2019/05/02 12:39:47 a. m. GMT","LOS DESECHAS","NO","TAL VEZ","MENOS DE 1 HORA","SI","TAL VEZ","TAL VEZ","TAL VEZ",""
"2019/05/02 12:42:30 a. m. GMT","LOS DESECHAS","NO","SI","MAS DE 1 HORA","SI","SI","SI","SI",""
"2019/05/02 12:44:06 a. m. GMT","LOS DESECHAS","SI","SI","1 HORA","SI","SI","SI","SI","Acceso Compartir a TV"
"2019/05/02 12:44:42 a. m. GMT","LOS DESECHAS","SI","SI","MAS DE 1 HORA","SI","SI","TAL VEZ","SI",""
"2019/05/02 12:49:13 a. m. GMT","LOS DESECHAS","DESCONOCÍA QUE SE PODÍA HACER","SI","MAS DE 1 HORA","SI","SI","TAL VEZ","SI",""
"2019/05/02 12:50:01 a. m. GMT","LOS DESECHAS","SI","SI","1 HORA","SI","SI","SI","SI","Lo ordenaria por tipos de materiales reutilizables, osea x ejemplo: vasos, jarras, macetas, mesas, etc."
"2019/05/02 12:52:18 a. m. GMT","LOS DESECHAS","NO","SI","MENOS DE 1 HORA","TAL VEZ","SI","SI","SI","Que sea facil de compartir "
"2019/05/02 12:52:50 a. m. GMT","LOS CONSERVAS","SI","SI","MAS DE 1 HORA","SI","SI","SI","SI","Te Gustaría Que El Mundo Conociera Tal Aplicación?"
"2019/05/02 12:55:10 a. m. GMT","LOS DESECHAS","NO","TAL VEZ","MAS DE 1 HORA","TAL VEZ","SI;TAL VEZ","SI;TAL VEZ","SI","Anuncios"
"2019/05/02 12:58:41 a. m. GMT","LOS CONSERVAS","SI","SI","MENOS DE 1 HORA","TAL VEZ","SI","SI","SI","Me parece una aplicacion bastante útil así como está a raíz de lo planteado en la encuesta "
"2019/05/02 1:02:35 a. m. GMT","LOS DESECHAS","SI","SI","MENOS DE 1 HORA","TAL VEZ","SI","TAL VEZ","TAL VEZ","Visualizacion 3D"
"2019/05/02 1:07:04 a. m. GMT","LOS DESECHAS","SI","SI","MAS DE 1 HORA","SI","TAL VEZ","TAL VEZ","TAL VEZ","Información sobre la reutilización de objetos"
"2019/05/02 1:26:28 a. m. GMT","LOS CONSERVAS","SI","SI","1 HORA","SI","SI","SI","SI","Ecología"
"2019/05/02 1:40:47 a. m. GMT","LOS CONSERVAS","SI","SI","MAS DE 1 HORA","SI","SI","TAL VEZ","SI","Algún tipo de publicación sincronizada con alguna red social "
"2019/05/02 2:07:33 a. m. GMT","LOS DESECHAS","SI","SI","MAS DE 1 HORA","TAL VEZ","SI","TAL VEZ","SI","tutoriales con videos "
"2019/05/02 2:15:41 a. m. GMT","LOS DESECHAS","SI","TAL VEZ","MAS DE 1 HORA","SI","SI","SI","SI","Un foro en donde se pueda preguntar y obtener consejos para determinados elementos"
"2019/05/02 2:43:46 a. m. GMT","LOS DESECHAS","SI","SI","MAS DE 1 HORA","SI","SI","NO","SI","Que sean cosas que podamos todos tener en casa "
"2019/05/02 2:46:55 a. m. GMT","LOS DESECHAS","SI","SI","MENOS DE 1 HORA","SI","SI","SI","SI","Un ranking de las mejores reutilizaciónes"
"2019/05/02 3:15:02 a. m. GMT","LOS CONSERVAS","SI","SI","MENOS DE 1 HORA","TAL VEZ","TAL VEZ","SI","SI","Que me de opciones de como poder reciclar sin contaminsr el medio ambiente "
"2019/05/02 3:37:21 a. m. GMT","LOS DESECHAS","NO","SI","1 HORA;MAS DE 1 HORA","TAL VEZ","TAL VEZ","TAL VEZ","SI","Podría ser bueno un sistema de calificaciones para los aportes hechos a la app"
"2019/05/02 3:53:42 a. m. GMT","LOS DESECHAS","SI","SI","MAS DE 1 HORA","TAL VEZ","TAL VEZ","TAL VEZ","SI","Postear el producto para alguien que lo necesite o intercambio "
"2019/05/02 6:31:36 a. m. GMT","LOS DESECHAS","SI","SI","MENOS DE 1 HORA","NO","NO","TAL VEZ","SI","Reciclar más y lograr un verde total!."
"2019/05/02 6:52:10 a. m. GMT","LOS CONSERVAS","SI","SI","MENOS DE 1 HORA","SI","SI","SI","TAL VEZ","Vídeos cortos de tips "
"2019/05/02 8:59:56 a. m. GMT","LOS DESECHAS","NO","SI","1 HORA","NO","TAL VEZ","TAL VEZ","NO","Que no contenga publicidad "
"2019/05/02 10:43:09 a. m. GMT","Los regalo","SI","SI","MAS DE 1 HORA","SI","SI","SI","TAL VEZ","Poder publicar objetos inutilizados para otras personas a un precio muy bajo o gratis, y después quede vinculada la compra del objeto con las imágenes que suba el usuario que las recibió y las convirtió en otra cosa."
"2019/05/02 10:51:30 a. m. GMT","A veces lo desecho","NO","TAL VEZ","MAS DE 1 HORA","SI","SI","SI","SI","Hipervinculo "
"2019/05/02 12:04:10 p. m. GMT","LOS DESECHAS","NO","SI","MAS DE 1 HORA","SI","SI","SI","SI","Una tienda/espacio en donde los usuarios puedan publicar y vender/canjear sus ""artesanias""."
"2019/05/02 12:26:02 p. m. GMT","LOS DESECHAS","NO","SI","MENOS DE 1 HORA","SI","TAL VEZ","TAL VEZ","TAL VEZ","Materiales de reciclado"
"2019/05/02 1:00:40 p. m. GMT","Los conservó pensando en como deshacerme de ellos","NO","SI","1 HORA","TAL VEZ","TAL VEZ","TAL VEZ","TAL VEZ","Creo que nada"
"2019/05/02 1:01:40 p. m. GMT","LOS DESECHAS","SI","SI","MENOS DE 1 HORA","SI","SI","SI","SI","Poder compartir las imágenes de los objetos antes y después de su transformación "
"2019/05/02 1:14:20 p. m. GMT","LOS DESECHAS","SI","SI","1 HORA","SI","TAL VEZ","SI","SI","Si solo es informacion que se brinda, estaria bueno que podamos comentar, porque quizas no sale igual o tenemos dudas respecto a algo, poder dejar un comentario y si es posible lo que son los encargardos(si es que los tiene) darnos una guia o bueno los mismo usuarios "
"2019/05/02 1:19:15 p. m. GMT","LOS DESECHAS","NO","TAL VEZ","MENOS DE 1 HORA","NO","NO","TAL VEZ","NO","no se"
"2019/05/02 1:20:12 p. m. GMT","LOS CONSERVAS","SI","SI","1 HORA","SI","SI","SI","SI","un chat con expertos"
"2019/05/02 1:21:53 p. m. GMT","LOS DESECHAS","SI","SI","MAS DE 1 HORA","SI","SI","SI","SI","Un apartado para donar algún objeto que crea otro puede estar buscando.Nunca se sabe.-"
"2019/05/02 1:55:09 p. m. GMT","LOS DESECHAS;LOS CONSERVAS","SI","SI","MAS DE 1 HORA","SI","SI","SI","SI","buscador de elementos a reutilizar, por ejemplo escribir ""botella de plástico"" y que informe todas las posibilidades para su reutilización o escribir ""mesa"" y que informe con que productos reutilizables se puede realizar."
"2019/05/02 2:47:38 p. m. GMT","LOS CONSERVAS","SI","SI","MAS DE 1 HORA","SI","TAL VEZ","SI","TAL VEZ","Un Rayo laser"
"2019/05/02 3:23:42 p. m. GMT","LOS CONSERVAS","SI","SI","MAS DE 1 HORA","SI","SI","SI","SI","Categorías por material"
"2019/05/02 3:55:36 p. m. GMT","LOS DESECHAS","SI","TAL VEZ","MENOS DE 1 HORA;1 HORA","TAL VEZ","TAL VEZ","NO","TAL VEZ","
Compra/venta de materiales o artículos recitados o para reciclar. Quizás contactarse con los chatarreros para sistematizar su laburo. "
"2019/05/02 4:15:26 p. m. GMT","LOS DESECHAS","SI","SI","MENOS DE 1 HORA","TAL VEZ","TAL VEZ","SI","SI","Reutilizacion de partes de un objeto"
"2019/05/02 4:22:31 p. m. GMT","Depende. Si me puede llegar a servir para reutilizar en algo, lo conservo. Si no, lo desecho.","SI","SI","MAS DE 1 HORA","TAL VEZ","TAL VEZ","SI","SI","Algunas imagenes con paso a paso, ademas de la descripción de cada paso escrita. Para que se entienda mejor.
Ademas de poder compartir los conocimientos, estaria bueno poder compartir la ubicación de lugares donde poder reciclar, para el resto."
"2019/05/02 4:25:20 p. m. GMT","LOS DESECHAS","SI","NO","MAS DE 1 HORA","TAL VEZ","TAL VEZ","SI","TAL VEZ","Tutoriales de reutilizacion de objetos hay en muchas redes, como instagram, facebook, youtube "
"2019/05/02 4:43:32 p. m. GMT","Depende del objeto","SI","TAL VEZ","MAS DE 1 HORA","NO","TAL VEZ","NO","NO","No se"
"2019/05/02 5:04:08 p. m. GMT","LOS DESECHAS","SI","SI","MAS DE 1 HORA","SI","SI","TAL VEZ","SI","Dividiria la aplicacion de acuerdo al material y agregaria informacion sobre aquellos materiales toxicos que no se pueden reciclar"
"2019/05/02 5:11:35 p. m. GMT","LOS DESECHAS","SI","SI","1 HORA","TAL VEZ","SI","TAL VEZ","SI","."
"2019/05/02 5:12:47 p. m. GMT","LOS DESECHAS","SI","SI","MENOS DE 1 HORA","TAL VEZ","TAL VEZ","NO","TAL VEZ","tips para arreglar la casa con objetos reciclables, pero que no sean complicados de hacer."
"2019/05/02 7:23:08 p. m. GMT","LOS DESECHAS","SI","TAL VEZ","MENOS DE 1 HORA;1 HORA;MAS DE 1 HORA","TAL VEZ","TAL VEZ","TAL VEZ","TAL VEZ","."
"2019/05/03 12:40:24 a. m. GMT","LOS DESECHAS","SI","SI","1 HORA","TAL VEZ","SI","TAL VEZ","TAL VEZ","Le daría una función diaria dónde  todos puedan elegir que hacer y compartir sus logros "
"2019/05/03 1:36:50 a. m. GMT","Depende si me sirve para otra cosa","SI","TAL VEZ","MENOS DE 1 HORA","TAL VEZ","TAL VEZ","NO","TAL VEZ","Juegos sobre la tematica para que los menores aprendan"